[{"name": "scrcpy", "id": "a172ced@@scrcpy@exe", "type": "executable", "defined_in": "/home/paritosh/Desktop/Bugsmirror/scrcpy/app/meson.build", "filename": ["/home/paritosh/Desktop/Bugsmirror/scrcpy/BugsScrcpy/app/scrcpy"], "build_by_default": true, "target_sources": [{"language": "c", "compiler": ["cc"], "parameters": ["-I/home/paritosh/Desktop/Bugsmirror/scrcpy/BugsScrcpy/app/scrcpy.p", "-I/home/paritosh/Desktop/Bugsmirror/scrcpy/BugsScrcpy/app", "-I/home/paritosh/Desktop/Bugsmirror/scrcpy/app", "-I/home/paritosh/Desktop/Bugsmirror/scrcpy/app/src", "-I/usr/include/x86_64-linux-gnu", "-I/usr/include/SDL2", "-I/usr/include/libusb-1.0", "-flto=auto", "-fdiagnostics-color=always", "-DNDEBUG", "-D_FILE_OFFSET_BITS=64", "-Wall", "-Winvalid-pch", "-Wextra", "-std=c11", "-O3", "-D_REENTRANT"], "sources": ["/home/paritosh/Desktop/Bugsmirror/scrcpy/app/src/main.c", "/home/paritosh/Desktop/Bugsmirror/scrcpy/app/src/adb/adb.c", "/home/paritosh/Desktop/Bugsmirror/scrcpy/app/src/adb/adb_device.c", "/home/paritosh/Desktop/Bugsmirror/scrcpy/app/src/adb/adb_parser.c", "/home/paritosh/Desktop/Bugsmirror/scrcpy/app/src/adb/adb_tunnel.c", "/home/paritosh/Desktop/Bugsmirror/scrcpy/app/src/cli.c", "/home/paritosh/Desktop/Bugsmirror/scrcpy/app/src/clock.c", "/home/paritosh/Desktop/Bugsmirror/scrcpy/app/src/compat.c", "/home/paritosh/Desktop/Bugsmirror/scrcpy/app/src/control_msg.c", "/home/paritosh/Desktop/Bugsmirror/scrcpy/app/src/controller.c", "/home/paritosh/Desktop/Bugsmirror/scrcpy/app/src/decoder.c", "/home/paritosh/Desktop/Bugsmirror/scrcpy/app/src/demuxer.c", "/home/paritosh/Desktop/Bugsmirror/scrcpy/app/src/device_msg.c", "/home/paritosh/Desktop/Bugsmirror/scrcpy/app/src/icon.c", "/home/paritosh/Desktop/Bugsmirror/scrcpy/app/src/file_pusher.c", "/home/paritosh/Desktop/Bugsmirror/scrcpy/app/src/fps_counter.c", "/home/paritosh/Desktop/Bugsmirror/scrcpy/app/src/frame_buffer.c", "/home/paritosh/Desktop/Bugsmirror/scrcpy/app/src/input_manager.c", "/home/paritosh/Desktop/Bugsmirror/scrcpy/app/src/keyboard_inject.c", "/home/paritosh/Desktop/Bugsmirror/scrcpy/app/src/mouse_inject.c", "/home/paritosh/Desktop/Bugsmirror/scrcpy/app/src/opengl.c", "/home/paritosh/Desktop/Bugsmirror/scrcpy/app/src/options.c", "/home/paritosh/Desktop/Bugsmirror/scrcpy/app/src/receiver.c", "/home/paritosh/Desktop/Bugsmirror/scrcpy/app/src/recorder.c", "/home/paritosh/Desktop/Bugsmirror/scrcpy/app/src/scrcpy.c", "/home/paritosh/Desktop/Bugsmirror/scrcpy/app/src/screen.c", "/home/paritosh/Desktop/Bugsmirror/scrcpy/app/src/server.c", "/home/paritosh/Desktop/Bugsmirror/scrcpy/app/src/version.c", "/home/paritosh/Desktop/Bugsmirror/scrcpy/app/src/video_buffer.c", "/home/paritosh/Desktop/Bugsmirror/scrcpy/app/src/util/acksync.c", "/home/paritosh/Desktop/Bugsmirror/scrcpy/app/src/util/file.c", "/home/paritosh/Desktop/Bugsmirror/scrcpy/app/src/util/intmap.c", "/home/paritosh/Desktop/Bugsmirror/scrcpy/app/src/util/intr.c", "/home/paritosh/Desktop/Bugsmirror/scrcpy/app/src/util/log.c", "/home/paritosh/Desktop/Bugsmirror/scrcpy/app/src/util/net.c", "/home/paritosh/Desktop/Bugsmirror/scrcpy/app/src/util/net_intr.c", "/home/paritosh/Desktop/Bugsmirror/scrcpy/app/src/util/process.c", "/home/paritosh/Desktop/Bugsmirror/scrcpy/app/src/util/process_intr.c", "/home/paritosh/Desktop/Bugsmirror/scrcpy/app/src/util/strbuf.c", "/home/paritosh/Desktop/Bugsmirror/scrcpy/app/src/util/str.c", "/home/paritosh/Desktop/Bugsmirror/scrcpy/app/src/util/term.c", "/home/paritosh/Desktop/Bugsmirror/scrcpy/app/src/util/thread.c", "/home/paritosh/Desktop/Bugsmirror/scrcpy/app/src/util/tick.c", "/home/paritosh/Desktop/Bugsmirror/scrcpy/app/src/sys/unix/file.c", "/home/paritosh/Desktop/Bugsmirror/scrcpy/app/src/sys/unix/process.c", "/home/paritosh/Desktop/Bugsmirror/scrcpy/app/src/v4l2_sink.c", "/home/paritosh/Desktop/Bugsmirror/scrcpy/app/src/usb/aoa_hid.c", "/home/paritosh/Desktop/Bugsmirror/scrcpy/app/src/usb/hid_keyboard.c", "/home/paritosh/Desktop/Bugsmirror/scrcpy/app/src/usb/hid_mouse.c", "/home/paritosh/Desktop/Bugsmirror/scrcpy/app/src/usb/scrcpy_otg.c", "/home/paritosh/Desktop/Bugsmirror/scrcpy/app/src/usb/screen_otg.c", "/home/paritosh/Desktop/Bugsmirror/scrcpy/app/src/usb/usb.c"], "generated_sources": []}], "extra_files": [], "subproject": null, "installed": true, "install_filename": ["/usr/local/bin/scrcpy"]}, {"name": "scrcpy-server", "id": "b3eacd3@@scrcpy-server@cus", "type": "custom", "defined_in": "/home/paritosh/Desktop/Bugsmirror/scrcpy/server/meson.build", "filename": ["/home/paritosh/Desktop/Bugsmirror/scrcpy/BugsScrcpy/server/scrcpy-server"], "build_by_default": true, "target_sources": [{"language": "unknown", "compiler": ["/home/paritosh/Desktop/Bugsmirror/scrcpy/server/./scripts/build-wrapper.sh", "/home/paritosh/Desktop/Bugsmirror/scrcpy/server", "@OUTPUT@", "release"], "parameters": [], "sources": [], "generated_sources": []}], "extra_files": [], "subproject": null, "installed": true, "install_filename": ["/usr/local/share/scrcpy/scrcpy-server"]}, {"name": "run", "id": "run@run", "type": "run", "defined_in": "/home/paritosh/Desktop/Bugsmirror/scrcpy/meson.build", "filename": ["/home/paritosh/Desktop/Bugsmirror/scrcpy/BugsScrcpy/run"], "build_by_default": false, "target_sources": [], "extra_files": [], "subproject": null, "installed": false}]