[{"name": "libavformat", "version": "58.76.100", "compile_args": ["-I/usr/include/x86_64-linux-gnu"], "link_args": ["/usr/lib/x86_64-linux-gnu/libavformat.so"]}, {"name": "libavcodec", "version": "58.134.100", "compile_args": ["-I/usr/include/x86_64-linux-gnu"], "link_args": ["/usr/lib/x86_64-linux-gnu/libavcodec.so"]}, {"name": "libavutil", "version": "56.70.100", "compile_args": ["-I/usr/include/x86_64-linux-gnu"], "link_args": ["/usr/lib/x86_64-linux-gnu/libavutil.so"]}, {"name": "sdl2", "version": "2.0.20", "compile_args": ["-D_REENTRANT", "-I/usr/include/SDL2"], "link_args": ["/usr/lib/x86_64-linux-gnu/libSDL2.so"]}, {"name": "libavdevice", "version": "58.13.100", "compile_args": ["-I/usr/include/x86_64-linux-gnu"], "link_args": ["/usr/lib/x86_64-linux-gnu/libavdevice.so"]}, {"name": "libusb-1.0", "version": "1.0.25", "compile_args": ["-I/usr/include/libusb-1.0"], "link_args": ["/usr/lib/x86_64-linux-gnu/libusb-1.0.so"]}]