{"targets": {"/home/paritosh/Desktop/Bugsmirror/scrcpy/BugsScrcpy/app/scrcpy": {"destination": "{bindir}/scrcpy", "tag": "runtime"}, "/home/paritosh/Desktop/Bugsmirror/scrcpy/BugsScrcpy/server/scrcpy-server": {"destination": "{prefix}/share/scrcpy/scrcpy-server", "tag": null}}, "data": {"/home/paritosh/Desktop/Bugsmirror/scrcpy/app/data/icon.png": {"destination": "{datadir}/share/icons/hicolor/256x256/apps/scrcpy.png", "tag": null}, "/home/paritosh/Desktop/Bugsmirror/scrcpy/app/data/zsh-completion/_scrcpy": {"destination": "{datadir}/share/zsh/site-functions/_scrcpy", "tag": null}, "/home/paritosh/Desktop/Bugsmirror/scrcpy/app/data/bash-completion/scrcpy": {"destination": "{datadir}/share/bash-completion/completions/scrcpy", "tag": null}}, "man": {"/home/paritosh/Desktop/Bugsmirror/scrcpy/app/scrcpy.1": {"destination": "{mandir}/man1/scrcpy.1", "tag": "man"}}}